{
  "holm_corrected": {
    "A_vs_D": {
      "raw_p": 0.04955273568746379,
      "adjusted_p": 0.2973164141247827
    },
    "A_vs_B": {
      "raw_p": 0.23677961878494136,
      "adjusted_p": 1.0
    },
    "A_vs_C": {
      "raw_p": 0.2753326056180514,
      "adjusted_p": 1.0
    },
    "C_vs_D": {
      "raw_p": 0.3091451214359112,
      "adjusted_p": 0.9274353643077337
    },
    "B_vs_D": {
      "raw_p": 0.48098631202032305,
      "adjusted_p": 0.9619726240406461
    },
    "B_vs_C": {
      "raw_p": 0.8611387591350321,
      "adjusted_p": 0.8611387591350321
    }
  },
  "bonferroni_corrected": {
    "A_vs_B": {
      "raw_p": 0.23677961878494136,
      "adjusted_p": 1.0
    },
    "A_vs_C": {
      "raw_p": 0.2753326056180514,
      "adjusted_p": 1.0
    },
    "A_vs_D": {
      "raw_p": 0.04955273568746379,
      "adjusted_p": 0.2973164141247827
    },
    "B_vs_C": {
      "raw_p": 0.8611387591350321,
      "adjusted_p": 1.0
    },
    "B_vs_D": {
      "raw_p": 0.48098631202032305,
      "adjusted_p": 1.0
    },
    "C_vs_D": {
      "raw_p": 0.3091451214359112,
      "adjusted_p": 1.0
    }
  },
  "game_level_cohens_d_mean_esc": {
    "A_vs_B": 1.1580756904370513,
    "A_vs_C": 1.632768848126763,
    "A_vs_D": 2.171755011583477
  },
  "game_level_cohens_d_max_esc": {
    "A_vs_B": 0.5858726723683158,
    "A_vs_C": 0.47163348533212085,
    "A_vs_D": 0.920624227468111
  },
  "condition_x_model_interaction": {
    "F_interaction": 7.134952956045497,
    "p_interaction": 0.0005990735078768017,
    "df_interaction": 3,
    "df_residual": 40,
    "ss_interaction": 3175.4999999999995,
    "ss_residual": 5934.166666666667
  },
  "two_way_anova": {
    "condition": {
      "SS": 360693.74999999994,
      "df": 3,
      "F": 8.59754189944134,
      "p": 0.000158687978378369,
      "eta_squared": 0.09998631297547249
    },
    "model": {
      "SS": 2571502.083333334,
      "df": 1,
      "F": 183.88394785847305,
      "p": 1.1102230246251565e-16,
      "eta_squared": 0.7128346751814977
    },
    "interaction": {
      "SS": 115860.41666666605,
      "df": 3,
      "F": 2.7616635630043302,
      "p": 0.05452157855918416,
      "eta_squared": 0.03211715168976985
    }
  },
  "bootstrap_ci_mean_escalation": {
    "A": {
      "mean": 363.03913389850885,
      "ci_lower": 280.9110844306157,
      "ci_upper": 448.15702129178686,
      "n": 12
    },
    "B": {
      "mean": 175.80723543634727,
      "ci_lower": 86.07131937415653,
      "ci_upper": 266.33372255257524,
      "n": 12
    },
    "C": {
      "mean": 134.44886518369975,
      "ci_lower": 71.77010604668004,
      "ci_upper": 200.534221388208,
      "n": 12
    },
    "D": {
      "mean": 67.69128645047763,
      "ci_lower": 11.826715686274511,
      "ci_upper": 131.66397608722977,
      "n": 12
    }
  },
  "permutation_tests": {
    "A_vs_B": 0.0105,
    "A_vs_C": 0.0007,
    "A_vs_D": 0.0
  },
  "bootstrap_ci_deescalation": {
    "A": {
      "mean": 0.0,
      "ci_lower": 0.0,
      "ci_upper": 0.0
    },
    "B": {
      "mean": 33.257890988154145,
      "ci_lower": 15.512949373969107,
      "ci_upper": 52.42455765482081
    },
    "C": {
      "mean": 27.49777183600713,
      "ci_lower": 10.559018493761142,
      "ci_upper": 47.30545343137253
    },
    "D": {
      "mean": 50.485168426344885,
      "ci_lower": 36.61632730015083,
      "ci_upper": 65.85444947209652
    }
  },
  "per_model_A_vs_D": {
    "cf-llama-70b": {
      "U": 36.0,
      "p": 0.0021645021645021645,
      "d": 8.392350583489987
    },
    "clemson-qwen3-30b": {
      "U": 36.0,
      "p": 0.0021645021645021645,
      "d": 3.6971819894656113
    }
  },
  "dim_density_kruskal": {
    "H": 33.88366033006033,
    "p": 2.0964502387615442e-07
  }
}